{
    "accuracy": 0.9741733350268852,
    "precision": 0.9785622790398464,
    "recall": 0.9741733350268852,
    "f1_score": 0.9731845903073119,
    "val_loss": 0.9470090269285343,
    "val_accuracy": 0.9741733350268852,
    "train_loss": 1.2362863616909086,
    "train_accuracy": 0.7536608817641588,
    "val_from_train_accuracy": 0.983404255319149,
    "val_from_train_loss": 0.9302414758154687,
    "epoch": 8
}