{
    "accuracy": 0.9903044159363225,
    "precision": 0.9914888610469882,
    "recall": 0.9903044159363225,
    "f1_score": 0.9901164582742722,
    "val_loss": 0.03103852025583432,
    "val_accuracy": 0.9908830201600822
}